"","Ecoregion","ai","pi"
"1","Alps conifer and mixed forests",3453.39831060588,2061.05408965198
"2","Baltic mixed forests",31199.423827002,12661.0451951436
"3","Central European mixed forests",48888.9893984225,17462.4249862286
"4","European Atlantic mixed forests",77642.528601985,17307.5023073771
"5","Western European broadleaf forests",194932.270723736,69180.667948541
