"","Ecoregion","ai","pi"
"1","Baltic Sea",10025.8810135174,5105.67720310775
"2","North Sea",44718.3491962719,18437.9690525639
