"","Ecoregion","ai","pi"
"1","Baltic Sea",10025.8810135174,5458.7305065713
"2","North Sea",44718.3491962719,18530.6998713189
