"","Ecoregion","ai","pi"
"1","Baltic Sea",10025.8810135174,5455.46192515647
"2","North Sea",44718.3491962719,18440.0380137531
