"","Ecoregion","ai","pi"
"1","Baltic Sea",10025.8810135174,5458.73055475683
"2","North Sea",44718.3491962719,18512.6202319721
