"","Ecoregion","ai","pi"
"1","Gulf of Guinea South",31919.2900101542,817.448855235084
"2","Gulf of Guinea Central",11282.1024912899,346.621353836397
"3","Equatorial Atlantic",156638.969749556,0
