"","Ecoregion","ai","pi"
"1","Benguela Current",459336.57030454,0
"2","Namaqua",37519.215157694,7666.06888944699
"3","Namib",65063.2529943332,1656.48852280779
