"","Ecoregion","ai","pi"
"1","Indonesian Through-Flow",2446069.49757108,38467.8720910467
"2","Sunda Shelf/Java Sea",924442.919100594,30976.9500380062
"3","Papua",112584.405954779,25858.3909403718
"4","Lesser Sunda",52868.0387160894,16133.4509808758
"5","Banda Sea",115959.346555662,14516.8879673122
"6","Equatorial Pacific",527717.260932698,7801.98349805067
"7","Western Sumatra",102571.592699078,6396.77496487625
"8","Arafura Sea",325567.806252657,4224.18532379639
"9","Sulawesi Sea/Makassar Strait",195502.802627451,4162.59900012482
"10","Northeast Sulawesi",15726.9593155575,3118.21313935552
"11","Southern Java",64767.4478042563,3078.262052288
"12","Malacca Strait",74465.5107074683,2717.41384190914
"13","Palawan/North Borneo",24775.1078401618,2430.70082739102
"14","Indian Ocean Monsoon Gyre",941678.654793551,36.7624959256334
"15","Halmahera",32773.6591324634,25.041953972447
"16","Bonaparte Coast",18540.433281495,0
"17","Exmouth to Broome",8792.23042201906,0