"","Ecoregion","ai","pi"
"1","East China Sea",141472.840812463,3667.02542989975
"2","Yellow Sea",132606.120023694,3536.77462715945
"3","Sea of Japan",13980.0735863983,36.7782868160426
"4","Sea of Japan/East Sea",112329.334674839,0.00435500000268221
