"","Ecoregion","ai","pi"
"1","East China Sea",141472.840812463,3667.02542989974
"2","Yellow Sea",132606.120023694,3536.78229527149
"3","Sea of Japan",13980.0735863983,36.9169717882757
"4","Sea of Japan/East Sea",112329.334674839,0.00435500000268221
