"","Ecoregion","ai","pi"
"1","East China Sea",141472.840812463,3624.8581920965
"2","Yellow Sea",132606.120023694,3517.35679076551
"3","Sea of Japan",13980.0735863983,36.4961153227106
"4","Sea of Japan/East Sea",112329.334674839,0
