"","Ecoregion","ai","pi"
"1","East China Sea",141472.840812463,3616.03543453981
"2","Yellow Sea",132606.120023694,2441.88001166062
"3","Sea of Japan",13980.0735863983,1.42677865850297
"4","Sea of Japan/East Sea",112329.334674839,0
