"","Ecoregion","ai","pi"
"1","East China Sea",141472.840812463,3616.04000881208
"2","Yellow Sea",132606.120023694,2447.23668715172
"3","Sea of Japan",13980.0735863983,1.42677865850297
"4","Sea of Japan/East Sea",112329.334674839,0
