"","Ecoregion","ai","pi"
"1","East China Sea",141472.840812463,3624.30424228191
"2","Yellow Sea",132606.120023694,2513.11994374375
"3","Sea of Japan",13980.0735863983,32.5129783551945
"4","Sea of Japan/East Sea",112329.334674839,0
